{
 "bad": false,
 "new_version": "0.2.16.20240516",
 "new_version_attempts": {
  "0.2.10": 1,
  "0.2.11": 1,
  "0.2.12": 1,
  "0.2.13": 1,
  "0.2.14": 1,
  "0.2.15": 1,
  "0.2.16": 1,
  "0.2.16.1": 1,
  "0.2.16.2": 1,
  "0.2.16.20240106": 1,
  "0.2.16.20240425": 1,
  "0.2.16.20240516": 0,
  "0.2.16.3": 1,
  "0.2.16.4": 1,
  "0.2.16.5": 1,
  "0.2.16.6": 1,
  "0.2.16.7": 1,
  "0.2.3": 1,
  "0.2.4": 1,
  "0.2.5": 1,
  "0.2.6": 1,
  "0.2.7": 1,
  "0.2.8": 1,
  "0.2.9": 1
 },
 "new_version_errors": {}
}