{
 "bad": false,
 "new_version": "24.1.0.20241221",
 "new_version_attempts": {
  "0.1.6": 1,
  "0.1.7": 1,
  "0.1.8": 1,
  "0.1.9": 2,
  "0.7.0": 1,
  "0.7.1": 1,
  "0.7.2": 1,
  "0.7.3": 1,
  "0.8.0": 1,
  "0.8.1": 1,
  "0.8.10": 1,
  "0.8.11": 1,
  "0.8.2": 1,
  "0.8.3": 1,
  "0.8.4": 1,
  "0.8.5": 1,
  "0.8.6": 1,
  "0.8.7": 1,
  "0.8.8": 1,
  "0.8.9": 1,
  "22.1.0": 1,
  "22.1.0.1": 1,
  "22.1.0.2": 1,
  "22.1.0.3": 1,
  "22.1.0.4": 1,
  "22.1.0.5": 3,
  "22.1.0.6": 4,
  "22.1.0.7": 1,
  "22.1.0.8": 1,
  "22.1.0.9": 1,
  "23.1.0.0": 1,
  "23.1.0.1": 1,
  "23.1.0.2": 1,
  "23.1.0.3": 1,
  "23.1.0.4": 1,
  "23.1.0.5": 1,
  "23.2.0.0": 1,
  "23.2.0.20240106": 1,
  "23.2.0.20240310": 1,
  "23.2.0.20240311": 1,
  "23.2.0.20240331": 1,
  "23.2.0.20240403": 1
 },
 "new_version_errors": {}
}