{
 "bad": false,
 "new_version": "308.0.0.20241221",
 "new_version_attempts": {
  "306.0.0.2": 1,
  "306.0.0.20240106": 1,
  "306.0.0.20240128": 1,
  "306.0.0.20240130": 1,
  "306.0.0.20240310": 1,
  "306.0.0.20240312": 1,
  "306.0.0.20240313": 1,
  "306.0.0.20240319": 1,
  "306.0.0.20240331": 1,
  "306.0.0.20240408": 1,
  "306.0.0.3": 1,
  "306.0.0.4": 1,
  "306.0.0.5": 1,
  "306.0.0.6": 1,
  "306.0.0.7": 1,
  "306.0.0.8": 1
 },
 "new_version_errors": {}
}