{
  "bad": false,
  "new_version": "1.15.20260101",
  "new_version_attempt_ts": {},
  "new_version_attempts": {
    "1.10.20220401": 1,
    "1.11.20220401": 0,
    "1.7.20211001": 1,
    "1.8.20211001": 1,
    "1.8.20220401": 1,
    "1.9.20220401": 1
  },
  "new_version_errors": {}
}