{
  "bad": false,
  "new_version": "2.9.21.20251012",
  "new_version_attempt_ts": {},
  "new_version_attempts": {
    "2.9.14": 2,
    "2.9.15": 1,
    "2.9.16": 1,
    "2.9.17": 1,
    "2.9.18": 1,
    "2.9.19": 1,
    "2.9.20": 1,
    "2.9.21": 1,
    "2.9.21.1": 1,
    "2.9.21.10": 1,
    "2.9.21.11": 1,
    "2.9.21.12": 1,
    "2.9.21.13": 1,
    "2.9.21.14": 1,
    "2.9.21.15": 1,
    "2.9.21.16": 1,
    "2.9.21.17": 1,
    "2.9.21.18": 1,
    "2.9.21.19": 1,
    "2.9.21.2": 1,
    "2.9.21.20": 1,
    "2.9.21.20240106": 1,
    "2.9.21.20240118": 1,
    "2.9.21.20240201": 1,
    "2.9.21.20240218": 1,
    "2.9.21.20240311": 1,
    "2.9.21.20240417": 1,
    "2.9.21.3": 3,
    "2.9.21.4": 1,
    "2.9.21.5": 1,
    "2.9.21.6": 1,
    "2.9.21.7": 1,
    "2.9.21.8": 1,
    "2.9.21.9": 1
  },
  "new_version_errors": {}
}