{
 "bad": false,
 "new_version": "1.0.20241211",
 "new_version_attempts": {
  "1.0.20201102": 1,
  "1.0.20201224": 1,
  "1.0.20210317": 1,
  "1.0.20211006": 1,
  "1.0.20220720": 1,
  "1.0.20230411": 1,
  "1.0.20240202": 0
 },
 "new_version_errors": {}
}