{
 "bad": false,
 "new_version": "1.22.20250106",
 "new_version_attempts": {
  "1.17.20231004": 1,
  "1.18.20240123": 1,
  "1.19.20240311": 1,
  "1.19.20240411": 1,
  "1.19.20240429": 1,
  "1.19.20240513": 1
 },
 "new_version_errors": {}
}