{
  "bad": false,
  "new_version": "80.10.0.20260124",
  "new_version_attempt_ts": {},
  "new_version_attempts": {
    "57.0.1": 1,
    "57.0.2": 1,
    "57.4.0": 1,
    "57.4.1": 1,
    "57.4.10": 1,
    "57.4.11": 1,
    "57.4.12": 1,
    "57.4.13": 1,
    "57.4.14": 1,
    "57.4.15": 1,
    "57.4.16": 1,
    "57.4.17": 1,
    "57.4.18": 1,
    "57.4.2": 1,
    "57.4.3": 1,
    "57.4.4": 1,
    "57.4.5": 1,
    "57.4.6": 1,
    "57.4.7": 1,
    "57.4.8": 1,
    "57.4.9": 1,
    "62.6.0": 1,
    "62.6.1": 1,
    "63.2.0": 1,
    "63.2.1": 1,
    "63.2.2": 1,
    "63.2.3": 1,
    "63.4.0": 1,
    "63.4.1": 1,
    "64.0.0": 1,
    "64.0.1": 1,
    "65.1.0": 1,
    "65.3.0": 1,
    "65.4.0.0": 1,
    "65.5.0.0": 1,
    "65.5.0.1": 1,
    "65.5.0.2": 1,
    "65.5.0.3": 1,
    "65.6.0.0": 1,
    "65.6.0.1": 1,
    "65.6.0.2": 1,
    "65.6.0.3": 1,
    "65.7.0.0": 1,
    "65.7.0.1": 1,
    "65.7.0.2": 3,
    "65.7.0.3": 3,
    "65.7.0.4": 1,
    "67.1.0.0": 1,
    "67.1.0.1": 1,
    "67.1.0.2": 1,
    "67.2.0.0": 1,
    "67.2.0.1": 1,
    "67.3.0.0": 1,
    "67.3.0.1": 1,
    "67.3.0.2": 1,
    "67.4.0.0": 1,
    "67.4.0.1": 1,
    "67.4.0.2": 2,
    "67.4.0.3": 1,
    "67.5.0.0": 1,
    "67.6.0.0": 1,
    "67.6.0.1": 1,
    "67.6.0.2": 1,
    "67.6.0.3": 1,
    "67.6.0.4": 1,
    "67.6.0.5": 1,
    "67.6.0.6": 1,
    "67.6.0.7": 1,
    "67.6.0.8": 1,
    "67.7.0.0": 1,
    "67.7.0.1": 1,
    "67.7.0.2": 1,
    "67.7.0.3": 1,
    "67.8.0.0": 1,
    "68.0.0.0": 1,
    "68.0.0.1": 1,
    "68.0.0.2": 1,
    "68.0.0.3": 1,
    "68.1.0.0": 1,
    "68.1.0.1": 1,
    "68.2.0.0": 1,
    "68.2.0.1": 1,
    "68.2.0.2": 1,
    "69.0.0.0": 1,
    "69.5.0.20240415": 1,
    "69.5.0.20240423": 1,
    "69.5.0.20240513": 1,
    "69.5.0.20240518": 1,
    "69.5.0.20240519": 1
  },
  "new_version_errors": {}
}