{
  "bad": false,
  "new_version": "6.32.1.20260221",
  "new_version_attempt_ts": {},
  "new_version_attempts": {
    "0.1.14": 1,
    "3.17.0": 1,
    "3.17.1": 1,
    "3.17.2": 1,
    "3.17.3": 1,
    "3.17.4": 1,
    "3.17.5": 1,
    "3.18.0": 1,
    "3.18.1": 1,
    "3.18.2": 1,
    "3.18.3": 1,
    "3.18.4": 1,
    "3.19.0": 1,
    "3.19.10": 1,
    "3.19.11": 1,
    "3.19.12": 1,
    "3.19.13": 1,
    "3.19.14": 1,
    "3.19.15": 1,
    "3.19.16": 1,
    "3.19.17": 1,
    "3.19.18": 1,
    "3.19.19": 1,
    "3.19.2": 1,
    "3.19.20": 1,
    "3.19.21": 1,
    "3.19.22": 1,
    "3.19.3": 1,
    "3.19.4": 1,
    "3.19.5": 1,
    "3.19.6": 1,
    "3.19.7": 1,
    "3.19.8": 1,
    "3.19.9": 1,
    "3.20.0": 1,
    "3.20.1": 1,
    "3.20.2": 1,
    "3.20.3": 1,
    "3.20.4": 1,
    "3.20.4.1": 1,
    "3.20.4.2": 1,
    "3.20.4.3": 1,
    "3.20.4.4": 1,
    "3.20.4.5": 1,
    "3.20.4.6": 1,
    "4.21.0.0": 1,
    "4.21.0.1": 1,
    "4.21.0.2": 1,
    "4.21.0.3": 1,
    "4.21.0.4": 1,
    "4.21.0.5": 1,
    "4.21.0.6": 1,
    "4.21.0.7": 1,
    "4.22.0.0": 1,
    "4.22.0.2": 1,
    "4.23.0.0": 1,
    "4.23.0.1": 2,
    "4.23.0.2": 1,
    "4.23.0.3": 1,
    "4.24.0.0": 1,
    "4.24.0.1": 1,
    "4.24.0.2": 1,
    "4.24.0.20240106": 1,
    "4.24.0.20240129": 1,
    "4.24.0.20240302": 1,
    "4.24.0.20240311": 1,
    "4.24.0.20240408": 1,
    "4.24.0.3": 1,
    "4.24.0.4": 1,
    "4.25.0.20240410": 1,
    "4.25.0.20240417": 1,
    "5.26.0.20240420": 1,
    "5.26.0.20240422": 1
  },
  "new_version_errors": {}
}