{
 "bad": false,
 "new_version": "5.1.0.20240425",
 "new_version_attempts": {
  "0.1.4": 1,
  "0.1.5": 1,
  "4.0.0": 1,
  "4.0.1": 1,
  "4.0.10": 1,
  "4.0.11": 1,
  "4.0.12": 1,
  "4.0.13": 1,
  "4.0.14": 1,
  "4.0.15": 1,
  "4.0.15.1": 1,
  "4.0.15.2": 1,
  "4.0.2": 1,
  "4.0.3": 1,
  "4.0.4": 1,
  "4.0.5": 1,
  "4.0.6": 1,
  "4.0.7": 1,
  "4.0.8": 1,
  "4.0.9": 1,
  "5.0.0.0": 1,
  "5.0.0.1": 3,
  "5.0.0.2": 3,
  "5.0.0.3": 1,
  "5.0.0.4": 1,
  "5.0.0.5": 1,
  "5.0.0.6": 1,
  "5.0.0.7": 1,
  "5.1.0.0": 1,
  "5.1.0.1": 1,
  "5.1.0.2": 1,
  "5.1.0.20240106": 1,
  "5.1.0.20240311": 1,
  "5.1.0.20240425": 0,
  "5.1.0.3": 1
 },
 "new_version_errors": {}
}