{
 "bad": false,
 "new_version": "10.2.0.20240822",
 "new_version_attempts": {
  "10.0.0.0": 1,
  "10.0.0.1": 1,
  "10.0.0.2": 1,
  "10.0.0.3": 1,
  "10.1.0.0": 1,
  "10.1.0.1": 1,
  "10.1.0.2": 1,
  "10.1.0.20240106": 1,
  "10.2.0.20240111": 1,
  "10.2.0.20240125": 1,
  "10.2.0.20240206": 1,
  "10.2.0.20240213": 1,
  "10.2.0.20240311": 1,
  "10.2.0.20240324": 1,
  "10.2.0.20240331": 1,
  "10.2.0.20240406": 1,
  "10.2.0.20240415": 1,
  "10.2.0.20240423": 1,
  "10.2.0.20240511": 1,
  "8.2.5": 1,
  "8.2.6": 1,
  "8.3.0": 1,
  "8.3.1": 1,
  "8.3.10": 1,
  "8.3.11": 1,
  "8.3.2": 1,
  "8.3.3": 1,
  "8.3.4": 1,
  "8.3.5": 1,
  "8.3.6": 1,
  "8.3.7": 1,
  "8.3.8": 1,
  "8.3.9": 1,
  "9.0.0": 1,
  "9.0.1": 1,
  "9.0.10": 1,
  "9.0.11": 1,
  "9.0.12": 1,
  "9.0.13": 1,
  "9.0.14": 1,
  "9.0.15": 1,
  "9.0.16": 1,
  "9.0.17": 1,
  "9.0.18": 1,
  "9.0.19": 1,
  "9.0.2": 1,
  "9.0.20": 1,
  "9.0.3": 1,
  "9.0.4": 1,
  "9.0.5": 1,
  "9.0.6": 1,
  "9.0.7": 1,
  "9.0.8": 1,
  "9.0.9": 1,
  "9.2.0": 1,
  "9.2.1": 1,
  "9.2.2": 1,
  "9.2.2.1": 1,
  "9.2.2.2": 1,
  "9.3.0.0": 1,
  "9.3.0.1": 1,
  "9.3.0.2": 1,
  "9.3.0.3": 1,
  "9.3.0.4": 1,
  "9.4.0.0": 1,
  "9.4.0.1": 1,
  "9.4.0.10": 1,
  "9.4.0.11": 1,
  "9.4.0.12": 1,
  "9.4.0.13": 1,
  "9.4.0.14": 1,
  "9.4.0.15": 1,
  "9.4.0.16": 1,
  "9.4.0.17": 1,
  "9.4.0.18": 1,
  "9.4.0.19": 1,
  "9.4.0.2": 1,
  "9.4.0.3": 3,
  "9.4.0.4": 3,
  "9.4.0.5": 2,
  "9.4.0.6": 1,
  "9.4.0.7": 1,
  "9.4.0.8": 1,
  "9.4.0.9": 1,
  "9.5.0.0": 1,
  "9.5.0.1": 1,
  "9.5.0.2": 1,
  "9.5.0.3": 1,
  "9.5.0.4": 2,
  "9.5.0.5": 1,
  "9.5.0.6": 1
 },
 "new_version_errors": {}
}