{
  "bad": false,
  "new_version": "6.2.20260111.0",
  "new_version_attempt_ts": {
    "6.0.0": 1758379990.0,
    "6.1.0": 1758372790.0,
    "6.2.0": 1758286390.0
  },
  "new_version_attempts": {
    "5.9.20201206.0": 1,
    "5.9.20201213.0": 1,
    "5.9.20201220.0": 1,
    "5.9.20201227.0": 1,
    "5.9.20210103.0": 1,
    "5.9.20210110.0": 1,
    "5.9.20210117.0": 1,
    "5.9.20210124.0": 1,
    "5.9.20210131.0": 1,
    "5.9.20210207.0": 1,
    "5.9.20210214.0": 1,
    "5.9.20210221.0": 1,
    "5.9.20210228.0": 1,
    "5.9.20210307.0": 1,
    "5.9.20210314.0": 1,
    "5.9.20210321.0": 1,
    "5.9.20210328.0": 1,
    "5.9.20210404.0": 1,
    "5.9.20210411.0": 1,
    "5.9.20210418.0": 1,
    "5.9.20210425.0": 1,
    "5.9.20210502.0": 1,
    "5.9.20210509.0": 1,
    "5.9.20210516.0": 1,
    "5.9.20210523.0": 1,
    "5.9.20210530.0": 1,
    "5.9.20210606.0": 1,
    "5.9.20210613.0": 1,
    "5.9.20210620.0": 1,
    "5.9.20210627.0": 1,
    "5.9.20210704.0": 1,
    "5.9.20210711.0": 1,
    "5.9.20210718.0": 1,
    "5.9.20210725.0": 1,
    "5.9.20210801.0": 1,
    "5.9.20210808.0": 1,
    "5.9.20210815.0": 1,
    "5.9.20210822.0": 1,
    "5.9.20210829.0": 1,
    "5.9.20210905.0": 1,
    "5.9.20210912.0": 1,
    "5.9.20210919.0": 1,
    "5.9.20210926.0": 1,
    "5.9.20211003.0": 2,
    "5.9.20211010.0": 1,
    "5.9.20211017.0": 1,
    "5.9.20211024.0": 1,
    "5.9.20211031.0": 1,
    "5.9.20211107.0": 1,
    "5.9.20211114.0": 1,
    "5.9.20211121.0": 1,
    "5.9.20211128.0": 1,
    "5.9.20211205.0": 1,
    "5.9.20211212.0": 1,
    "5.9.20211219.0": 1,
    "5.9.20211226.0": 1,
    "5.9.20220102.0": 1,
    "5.9.20220109.0": 1,
    "5.9.20220116.0": 1,
    "5.9.20220123.0": 1,
    "5.9.20220130.0": 1,
    "5.9.20220206.0": 1,
    "5.9.20220213.0": 1,
    "5.9.20220220.0": 1,
    "5.9.20220227.0": 1,
    "5.9.20220306.0": 1,
    "5.9.20220313.0": 1,
    "5.9.20220320.0": 1,
    "5.9.20220327.0": 1,
    "5.9.20220403.0": 1,
    "5.9.20220410.0": 1,
    "5.9.20220417.0": 1,
    "5.9.20220424.0": 1,
    "5.9.20220501.0": 2,
    "5.9.20220508.0": 1,
    "5.9.20220515.0": 1,
    "5.9.20220522.0": 1,
    "5.9.20220529.0": 1,
    "5.9.20220605.0": 1,
    "5.9.20220612.0": 1,
    "5.9.20220619.0": 1,
    "5.9.20220626.0": 1,
    "5.9.20220703.0": 1,
    "5.9.20220710.0": 1,
    "5.9.20220717.0": 1,
    "5.9.20220724.0": 1,
    "5.9.20220731.0": 1,
    "5.9.20220807.0": 1,
    "5.9.20220814.0": 2,
    "5.9.20220821.0": 1,
    "5.9.20220828.0": 1,
    "5.9.20220904.0": 1,
    "5.9.20220911.0": 1,
    "5.9.20220918.0": 1,
    "5.9.20220925.0": 1,
    "5.9.20221002.0": 1,
    "5.9.20221009.0": 1,
    "5.9.20221016.0": 1,
    "5.9.20221023.0": 1,
    "5.9.20221030.0": 1,
    "5.9.20221106.0": 1,
    "5.9.20221113.0": 1,
    "5.9.20221120.0": 1,
    "5.9.20221127.0": 1,
    "5.9.20221204.0": 1,
    "6.0.0": 3,
    "6.0.20221218.0": 1,
    "6.0.20221225.0": 1,
    "6.0.20230101.0": 1,
    "6.0.20230108.0": 1,
    "6.0.20230115.0": 1,
    "6.0.20230122.0": 1,
    "6.0.20230129.0": 1,
    "6.0.20230205.0": 1,
    "6.0.20230212.0": 1,
    "6.0.20230219.0": 1,
    "6.0.20230226.0": 1,
    "6.0.20230305.0": 1,
    "6.0.20230312.0": 1,
    "6.0.20230319.0": 1,
    "6.0.20230326.0": 1,
    "6.0.20230402.0": 1,
    "6.0.20230409.0": 1,
    "6.0.20230416.0": 1,
    "6.0.20230423.0": 1,
    "6.0.20230430.0": 2,
    "6.0.20230507.0": 1,
    "6.0.20230514.0": 1,
    "6.0.20230521.0": 1,
    "6.0.20230528.0": 1,
    "6.0.20230604.0": 1,
    "6.0.20230611.0": 1,
    "6.0.20230618.0": 1,
    "6.0.20230625.0": 1,
    "6.0.20230702.0": 1,
    "6.0.20230709.0": 1,
    "6.0.20230716.0": 1,
    "6.0.20230723.0": 1,
    "6.0.20230730.0": 1,
    "6.0.20230806.0": 1,
    "6.0.20230813.0": 1,
    "6.0.20230820.0": 1,
    "6.0.20230827.0": 1,
    "6.0.20230910.0": 1,
    "6.0.20230917.0": 1,
    "6.0.20230924.0": 1,
    "6.0.20231001.0": 1,
    "6.0.20231022.0": 1,
    "6.0.20231029.0": 1,
    "6.0.20231105.0": 1,
    "6.0.20231112.0": 1,
    "6.0.20231119.0": 1,
    "6.0.20231126.0": 1,
    "6.0.20231203.0": 1,
    "6.0.20231210.0": 1,
    "6.0.20231217.0": 1,
    "6.0.20231224.0": 1,
    "6.1.0": 5,
    "6.1.20231231.0": 1,
    "6.1.20240107.0": 1,
    "6.1.20240114.0": 1,
    "6.1.20240121.0": 1,
    "6.1.20240128.0": 1,
    "6.1.20240204.0": 1,
    "6.1.20240211.0": 1,
    "6.1.20240218.0": 1,
    "6.1.20240225.0": 1,
    "6.1.20240310.0": 1,
    "6.1.20240317.0": 1,
    "6.1.20240324.0": 1,
    "6.1.20240331.0": 1,
    "6.1.20240407.0": 1,
    "6.1.20240414.0": 1,
    "6.1.20240421.0": 1,
    "6.1.20240505.0": 1,
    "6.1.20240512.0": 1,
    "6.1.20240519.0": 1,
    "6.2.0": 29
  },
  "new_version_errors": {
    "6.0.0": "The recipe did not change in the version migration, a URL did not hash, or there is jinja2 syntax the bot cannot handle!\n\nPlease check the URLs in your recipe with version '6.0.0' to make sure they exist!\n\nWe also found the following errors:\n\n - could not hash URL template 'https://github.com/universal-ctags/ctags/archive/p{{ version }}.tar.gz'\n",
    "6.1.0": "The recipe did not change in the version migration, a URL did not hash, or there is jinja2 syntax the bot cannot handle!\n\nPlease check the URLs in your recipe with version '6.1.0' to make sure they exist!\n\nWe also found the following errors:\n\n - could not hash URL template 'https://github.com/universal-ctags/ctags/archive/p{{ version }}.tar.gz'\n",
    "6.2.0": "bot error (<a href=\"https://github.com/regro/cf-scripts/actions/runs/15515743651\">bot CI job</a>): main:\nTraceback (most recent call last):\n  File \"/opt/autotick-bot/conda_forge_tick/container_cli.py\", line 119, in _run_bot_task\n    data = func(attrs=attrs, **kwargs)\n           ^^^^^^^^^^^^^^^^^^^^^^^^^^^\n  File \"/opt/autotick-bot/conda_forge_tick/container_cli.py\", line 231, in _migrate_feedstock\n    data = run_migration_local(\n           ^^^^^^^^^^^^^^^^^^^^\n  File \"/opt/autotick-bot/conda_forge_tick/migration_runner.py\", line 269, in run_migration_local\n    data[\"migrate_return_value\"] = migrator.migrate(\n                                   ^^^^^^^^^^^^^^^^^\n  File \"/opt/autotick-bot/conda_forge_tick/migrators/version.py\", line 324, in migrate\n    raise VersionMigrationError(\nconda_forge_tick.migrators.version.VersionMigrationError: The recipe did not change in the version migration, a URL did not hash, or there is jinja2 syntax the bot cannot handle!\n\nPlease check the URLs in your recipe with version '6.2.0' to make sure they exist!\n\nWe also found the following errors:\n\n - could not hash URL template 'https://github.com/universal-ctags/ctags/archive/p{{ version }}.tar.gz'\n\n"
  }
}