{
 "bad": false,
 "new_version": "4.6.0.20241004",
 "new_version_attempts": {
  "3.5.10": 1,
  "3.5.11": 1,
  "3.5.12": 1,
  "3.5.13": 1,
  "3.5.14": 1,
  "3.5.15": 1,
  "3.5.16": 1,
  "3.5.17": 1,
  "3.5.18": 1,
  "3.5.3": 1,
  "3.5.4": 1,
  "3.5.5": 1,
  "3.5.6": 1,
  "3.5.7": 1,
  "3.5.8": 1,
  "3.5.9": 1,
  "4.0.0": 1,
  "4.0.1": 1,
  "4.0.2": 1,
  "4.0.3": 1,
  "4.0.4": 1,
  "4.0.5": 1,
  "4.0.6": 1,
  "4.1.0": 1,
  "4.1.1": 1,
  "4.1.10": 1,
  "4.1.11": 1,
  "4.1.12": 1,
  "4.1.13": 1,
  "4.1.14": 1,
  "4.1.15": 1,
  "4.1.16": 1,
  "4.1.17": 1,
  "4.1.18": 1,
  "4.1.19": 1,
  "4.1.2": 1,
  "4.1.20": 1,
  "4.1.21": 1,
  "4.1.22": 1,
  "4.1.3": 1,
  "4.1.4": 1,
  "4.1.5": 1,
  "4.1.6": 1,
  "4.1.7": 1,
  "4.1.8": 1,
  "4.1.9": 1,
  "4.2.0": 1,
  "4.2.1": 1,
  "4.2.2": 1,
  "4.2.3": 1,
  "4.2.4": 1,
  "4.2.5": 1,
  "4.2.6": 1,
  "4.2.7": 1,
  "4.2.8": 1,
  "4.3.0": 1,
  "4.3.1": 1,
  "4.3.10": 1,
  "4.3.11": 1,
  "4.3.12": 1,
  "4.3.13": 1,
  "4.3.14": 1,
  "4.3.15": 1,
  "4.3.16": 1,
  "4.3.17": 1,
  "4.3.18": 1,
  "4.3.19": 1,
  "4.3.2": 1,
  "4.3.20": 1,
  "4.3.21": 1,
  "4.3.21.1": 1,
  "4.3.21.2": 1,
  "4.3.21.3": 1,
  "4.3.21.4": 1,
  "4.3.21.5": 1,
  "4.3.21.6": 1,
  "4.3.21.7": 1,
  "4.3.3": 1,
  "4.3.4": 1,
  "4.3.5": 1,
  "4.3.6": 1,
  "4.3.7": 1,
  "4.3.9": 1,
  "4.4.0.0": 1,
  "4.4.0.1": 3,
  "4.4.0.2": 3,
  "4.4.0.3": 3,
  "4.4.0.4": 1,
  "4.4.0.5": 0,
  "4.4.0.6": 1,
  "4.5.1.0": 1,
  "4.5.1.1": 1,
  "4.5.1.2": 1,
  "4.5.1.3": 1,
  "4.5.1.4": 1,
  "4.5.1.5": 1,
  "4.5.2.0": 1,
  "4.5.3.0": 1,
  "4.5.3.1": 1,
  "4.5.4.1": 1,
  "4.5.4.2": 1,
  "4.5.5.0": 1,
  "4.5.5.1": 1,
  "4.5.5.2": 1,
  "4.6.0.0": 1,
  "4.6.0.1": 1,
  "4.6.0.10": 1,
  "4.6.0.11": 1,
  "4.6.0.2": 1,
  "4.6.0.20240106": 1,
  "4.6.0.20240218": 1,
  "4.6.0.20240311": 1,
  "4.6.0.20240409": 1,
  "4.6.0.20240417": 1,
  "4.6.0.20240423": 1,
  "4.6.0.20240425": 1,
  "4.6.0.3": 1,
  "4.6.0.4": 1,
  "4.6.0.5": 1,
  "4.6.0.6": 1,
  "4.6.0.7": 1,
  "4.6.0.8": 1,
  "4.6.0.9": 1
 },
 "new_version_errors": {}
}