{
 "bad": false,
 "new_version": "7.1.240701.1195420",
 "new_version_attempts": {
  "6.3.210714.1191517": 1,
  "6.3.210831.1135705": 1,
  "6.3.210914.1223714": 1,
  "6.3.210915.1185521": 1,
  "6.3.211001.1111810": 1,
  "6.4.211028.1233218": 1,
  "6.4.211221.1165422": 1,
  "6.5.221019.1152644": 1,
  "6.5.230616.1120952": 1,
  "6.5.230626.1133416": 1,
  "7.0.231001.1010150": 1
 },
 "new_version_errors": {}
}