{
 "bad": false,
 "new_version": "2024.2.0.20241221",
 "new_version_attempts": {
  "2021.1.0": 1,
  "2021.1.1": 1,
  "2021.1.2": 2,
  "2021.3.0": 1,
  "2021.3.1": 1,
  "2021.3.2": 1,
  "2021.3.3": 1,
  "2021.3.4": 1,
  "2021.3.5": 1,
  "2021.3.6": 1,
  "2021.3.7": 1,
  "2021.3.8": 1,
  "2022.1.0": 1,
  "2022.1.1": 1,
  "2022.1.2": 1,
  "2022.2.1.0": 1,
  "2022.4.0.0": 1,
  "2022.5.0.0": 1,
  "2022.6.0.1": 1,
  "2022.7.0.0": 1,
  "2022.7.1.0": 1,
  "2022.7.1.1": 1,
  "2022.7.1.2": 1,
  "2023.2.0.0": 1,
  "2023.2.0.1": 1,
  "2023.3.0.0": 1,
  "2023.3.0.1": 1,
  "2023.3.1.0": 1,
  "2023.3.1.1": 1,
  "2023.4.0.20240130": 1,
  "2024.1.0.20240203": 1,
  "2024.1.0.20240417": 1
 },
 "new_version_errors": {}
}