{
 "bad": false,
 "new_version": "5.0.1.20241205",
 "new_version_attempts": {
  "0.1.5": 1,
  "1.0.0": 1,
  "1.0.1": 1,
  "1.0.10": 1,
  "1.0.11": 1,
  "1.0.2": 2,
  "1.0.3": 1,
  "1.0.4": 1,
  "1.0.5": 2,
  "1.0.6": 1,
  "1.0.7": 1,
  "1.0.8": 1,
  "1.0.9": 1,
  "1.3.0": 1,
  "1.3.1": 1,
  "1.3.2": 1,
  "1.3.2.1": 1,
  "1.3.2.2": 3,
  "1.3.2.3": 1,
  "1.3.2.4": 1,
  "1.3.2.5": 1,
  "1.3.2.6": 1,
  "1.3.2.7": 1,
  "1.3.2.8": 1,
  "1.3.2.9": 1,
  "1.4.0.0": 1,
  "1.4.0.1": 1,
  "2.0.0.0": 1,
  "2.0.0.20240106": 1,
  "2.0.0.20240318": 1,
  "2.0.0.20240321": 1,
  "2.0.0.20240423": 1
 },
 "new_version_errors": {}
}