{
 "bad": false,
 "new_version": "0.10.8.20240310",
 "new_version_attempts": {
  "0.1.4": 1,
  "0.1.5": 1,
  "0.10.0": 1,
  "0.10.1": 1,
  "0.10.2": 1,
  "0.10.3": 1,
  "0.10.4": 1,
  "0.10.5": 1,
  "0.10.6": 1,
  "0.10.7": 1,
  "0.10.8": 1,
  "0.10.8.1": 1,
  "0.10.8.2": 0,
  "0.10.8.20240310": 0,
  "0.10.8.3": 1,
  "0.10.8.4": 1,
  "0.10.8.5": 1,
  "0.10.8.6": 1,
  "0.10.8.7": 1
 },
 "new_version_errors": {}
}