{
  "bad": false,
  "new_version": "1.5.2.20260107.153442",
  "new_version_attempt_ts": {},
  "new_version_attempts": {
    "1.5.0.20221221.150433": 1,
    "1.5.1.20240104.95100": 0
  },
  "new_version_errors": {}
}