{
 "bad": false,
 "new_version": "1.5.1.20240104.95100",
 "new_version_attempts": {
  "1.5.0.20221221.150433": 1,
  "1.5.1.20240104.95100": 0
 },
 "new_version_errors": {}
}