{
 "bad": false,
 "new_version": "2.5.20241122133319",
 "new_version_attempts": {
  "2.3.20230825125225": 1,
  "2.4.20231031143732": 1,
  "2.4.20231222081524": 1,
  "2.4.20240129145612": 1,
  "2.5.20240304113812": 1,
  "2.5.20240425111257": 1
 },
 "new_version_errors": {}
}