{
  "bad": false,
  "new_version": "5.2.0.20251101",
  "new_version_attempt_ts": {},
  "new_version_attempts": {
    "0.1.6": 1,
    "0.1.7": 1,
    "5.1.0": 1,
    "5.1.1": 1,
    "5.1.2": 1,
    "5.1.3": 1,
    "5.1.4": 1,
    "5.1.5": 1,
    "5.1.6": 1,
    "5.1.7": 1,
    "5.1.8": 1,
    "5.1.8.1": 1,
    "5.1.8.2": 1,
    "5.1.8.20240106": 1,
    "5.1.8.20240310": 0,
    "5.1.8.3": 1,
    "5.1.8.4": 1
  },
  "new_version_errors": {}
}