{
  "bad": false,
  "new_version": "1.3.1.20260130",
  "new_version_attempt_ts": {},
  "new_version_attempts": {
    "0.1.4": 1,
    "1.2.0": 1,
    "1.2.1": 1,
    "1.2.3": 1,
    "1.2.4": 1,
    "1.2.5": 1,
    "1.2.6": 1,
    "1.2.7": 1,
    "1.2.8": 1,
    "1.2.9": 1,
    "1.2.9.1": 1,
    "1.2.9.2": 1,
    "1.2.9.20240106": 1,
    "1.2.9.20240311": 0,
    "1.2.9.3": 1
  },
  "new_version_errors": {}
}