{
 "bad": false,
 "new_version": "8.0.2.20240310",
 "new_version_attempts": {
  "0.1.2": 1,
  "5.0.0": 1,
  "5.0.1": 1,
  "5.0.2": 1,
  "5.0.3": 1,
  "5.0.4": 1,
  "6.1.0": 1,
  "6.1.0.1": 1,
  "7.0.0.0": 1,
  "7.0.0.1": 1,
  "8.0.0.0": 1,
  "8.0.0.1": 1,
  "8.0.0.2": 1,
  "8.0.0.3": 1,
  "8.0.2.20240127": 1,
  "8.0.2.20240310": 0
 },
 "new_version_errors": {}
}