{
 "bad": false,
 "new_version": "0.4.15.20240311",
 "new_version_attempts": {
  "0.4.10": 1,
  "0.4.11": 1,
  "0.4.12": 1,
  "0.4.13": 1,
  "0.4.14": 1,
  "0.4.15": 1,
  "0.4.15.1": 1,
  "0.4.15.10": 1,
  "0.4.15.11": 1,
  "0.4.15.12": 1,
  "0.4.15.2": 1,
  "0.4.15.20240106": 1,
  "0.4.15.20240205": 1,
  "0.4.15.20240310": 1,
  "0.4.15.20240311": 0,
  "0.4.15.3": 1,
  "0.4.15.4": 1,
  "0.4.15.5": 1,
  "0.4.15.6": 1,
  "0.4.15.7": 1,
  "0.4.15.8": 1,
  "0.4.15.9": 1,
  "0.4.3": 1,
  "0.4.4": 1,
  "0.4.5": 1,
  "0.4.6": 1,
  "0.4.7": 1,
  "0.4.8": 1,
  "0.4.9": 1
 },
 "new_version_errors": {}
}