{
 "bad": false,
 "new_version": "0.9.0.20241207",
 "new_version_attempts": {
  "0.8.0": 1,
  "0.8.1": 1,
  "0.8.10": 1,
  "0.8.11": 1,
  "0.8.2": 1,
  "0.8.3": 1,
  "0.8.4": 1,
  "0.8.5": 1,
  "0.8.6": 1,
  "0.8.7": 1,
  "0.8.8": 1,
  "0.8.9": 1,
  "0.9.0.0": 1,
  "0.9.0.1": 1,
  "0.9.0.2": 1,
  "0.9.0.20240106": 0,
  "0.9.0.3": 1
 },
 "new_version_errors": {}
}