{
 "bad": false,
 "new_version": "2.0.10",
 "new_version_attempts": {
  "1.20190619": 1,
  "1.20190621": 1,
  "1.20190621-1": 1,
  "1.20190621-4": 1,
  "2.0.0": 1,
  "2.0.1": 1,
  "2.0.10": 0,
  "2.0.2": 1,
  "2.0.3": 1,
  "2.0.4": 1,
  "2.0.5": 0,
  "2.0.6": 1,
  "2.0.7": 1,
  "2.0.8": 1
 },
 "new_version_errors": {}
}