{
  "bad": false,
  "new_version": "2.3.3.251219",
  "new_version_attempt_ts": {
    "1.4.2.220622": 1758376392.0,
    "1.4.2.220626": 1758379992.0,
    "1.5.2.221213": 1758369192.0,
    "1.5.2.230105": 1758387192.0
  },
  "new_version_attempts": {
    "1.0.4.4": 1,
    "1.0.4.5": 1,
    "1.0.4.6": 1,
    "1.0.4.7": 1,
    "1.1.0.1": 1,
    "1.1.0.10": 1,
    "1.1.0.11": 1,
    "1.1.0.12": 1,
    "1.1.0.14": 1,
    "1.1.0.2": 1,
    "1.1.0.3": 1,
    "1.1.0.4": 1,
    "1.1.0.5": 1,
    "1.1.0.6": 1,
    "1.1.0.7": 1,
    "1.1.0.8": 1,
    "1.1.0.9": 1,
    "1.2.0.1": 1,
    "1.2.0.10": 1,
    "1.2.0.11": 1,
    "1.2.0.12": 1,
    "1.2.0.13": 1,
    "1.2.0.14": 1,
    "1.2.0.16": 1,
    "1.2.0.17": 1,
    "1.2.0.19": 2,
    "1.2.0.2": 1,
    "1.2.0.21": 3,
    "1.2.0.22": 1,
    "1.2.0.23": 1,
    "1.2.0.24": 1,
    "1.2.0.25": 1,
    "1.2.0.26": 1,
    "1.2.0.27": 2,
    "1.2.0.29": 1,
    "1.2.0.3": 1,
    "1.2.0.30": 1,
    "1.2.0.31": 2,
    "1.2.0.32": 1,
    "1.2.0.33": 1,
    "1.2.0.35": 1,
    "1.2.0.36": 1,
    "1.2.0.37": 1,
    "1.2.0.38": 1,
    "1.2.0.39": 2,
    "1.2.0.40": 3,
    "1.2.0.43": 1,
    "1.2.0.44": 1,
    "1.2.0.45": 1,
    "1.2.0.46": 1,
    "1.2.0.47": 2,
    "1.2.0.48": 1,
    "1.2.0.49": 1,
    "1.2.0.50": 1,
    "1.2.0.51": 1,
    "1.2.0.53": 1,
    "1.2.0.54": 1,
    "1.2.0.56": 1,
    "1.2.0.57": 2,
    "1.2.0.58": 1,
    "1.2.0.60": 1,
    "1.2.0.61": 2,
    "1.2.0.62": 1,
    "1.2.0.7": 1,
    "1.4.2.220622": 4,
    "1.4.2.220626": 3,
    "1.4.3.220702": 1,
    "1.4.3.220703": 1,
    "1.4.3.220704": 1,
    "1.4.3.220710": 1,
    "1.4.3.220718": 1,
    "1.4.3.220724": 1,
    "1.4.3.220801": 1,
    "1.4.3.220807": 1,
    "1.4.3.220815": 1,
    "1.4.3.220822": 1,
    "1.4.3.220829": 1,
    "1.4.4.220905": 1,
    "1.4.4.220906": 1,
    "1.4.4.220912": 1,
    "1.4.4.220919": 1,
    "1.5.0.220926": 1,
    "1.5.0.221003": 1,
    "1.5.0.221010": 1,
    "1.5.0.221012": 1,
    "1.5.1.221024": 2,
    "1.5.2.221124": 1,
    "1.5.2.221213": 6,
    "1.5.2.230105": 1,
    "1.5.3.230203": 1,
    "1.5.3.230214": 1,
    "1.5.3.230227": 1,
    "1.5.3.230304": 1,
    "1.5.3.230321": 1,
    "2.0.0.230412": 1,
    "2.0.1.230501": 1,
    "2.0.2.230605": 1,
    "2.0.3.230814": 1,
    "2.1.1.230928": 1,
    "2.1.4.231218": 1,
    "2.1.4.231227": 1,
    "2.2.0.240218": 1,
    "2.2.1.240316": 1,
    "2.2.2.240514": 1
  },
  "new_version_errors": {
    "1.4.2.220622": "The recipe did not change in the version migration, a URL did not hash, or there is jinja2 syntax the bot cannot handle!\n\nPlease check the URLs in your recipe with version '1.4.2.220622' to make sure they exist!\n\nWe also found the following errors:\n\n - could not hash URL template 'https://pypi.io/packages/source/{{ name[0] }}/{{ name }}/{{ name }}-{{ version }}.tar.gz'\n",
    "1.4.2.220626": "The recipe did not change in the version migration, a URL did not hash, or there is jinja2 syntax the bot cannot handle!\n\nPlease check the URLs in your recipe with version '1.4.2.220626' to make sure they exist!\n\nWe also found the following errors:\n\n - could not hash URL template 'https://pypi.io/packages/source/{{ name[0] }}/{{ name }}/{{ name }}-{{ version }}.tar.gz'\n",
    "1.5.2.221213": "The recipe did not change in the version migration, a URL did not hash, or there is jinja2 syntax the bot cannot handle!\n\nPlease check the URLs in your recipe with version '1.5.2.221213' to make sure they exist!\n\nWe also found the following errors:\n\n - could not hash URL template 'https://pypi.io/packages/source/{{ name[0] }}/{{ name }}/{{ name }}-{{ version }}.tar.gz'\n",
    "1.5.2.230105": "The recipe did not change in the version migration, a URL did not hash, or there is jinja2 syntax the bot cannot handle!\n\nPlease check the URLs in your recipe with version '1.5.2.230105' to make sure they exist!\n\nWe also found the following errors:\n\n - could not hash URL template 'https://pypi.io/packages/source/{{ name[0] }}/{{ name }}/{{ name }}-{{ version }}.tar.gz'\n"
  }
}