{
  "bad": false,
  "new_version": "4.26.0.20260109",
  "new_version_attempt_ts": {},
  "new_version_attempts": {
    "4.17.0.10": 1,
    "4.17.0.2": 1,
    "4.17.0.3": 1,
    "4.17.0.4": 1,
    "4.17.0.5": 1,
    "4.17.0.6": 1,
    "4.17.0.7": 1,
    "4.17.0.8": 1,
    "4.17.0.9": 1,
    "4.19.0.0": 1,
    "4.19.0.3": 1,
    "4.19.0.4": 1,
    "4.20.0.0": 1,
    "4.20.0.20240105": 1,
    "4.21.0.20240118": 1,
    "4.21.0.20240311": 1,
    "4.21.0.20240331": 1,
    "4.22.0.20240501": 1
  },
  "new_version_errors": {}
}