{
 "bad": false,
 "new_version": "1.2.0.20250114",
 "new_version_attempts": {
  "1.1.0": 1,
  "1.1.1": 1,
  "1.1.10": 1,
  "1.1.11": 1,
  "1.1.12": 1,
  "1.1.12.1": 1,
  "1.1.12.2": 1,
  "1.1.2": 1,
  "1.1.3": 1,
  "1.1.4": 1,
  "1.1.5": 1,
  "1.1.6": 1,
  "1.1.7": 1,
  "1.1.8": 1,
  "1.1.9": 1,
  "1.2.0.0": 1,
  "1.2.0.1": 1,
  "1.2.0.20240106": 1,
  "1.2.0.20240115": 1,
  "1.2.0.20240327": 1
 },
 "new_version_errors": {}
}