{
 "bad": false,
 "new_version": "6.0.12.20241230",
 "new_version_attempts": {
  "5.4.10": 1,
  "5.4.11": 1,
  "5.4.12": 1,
  "5.4.4": 1,
  "5.4.5": 1,
  "5.4.6": 1,
  "5.4.7": 1,
  "5.4.8": 1,
  "5.4.9": 1,
  "6.0.0": 1,
  "6.0.1": 1,
  "6.0.10": 1,
  "6.0.11": 1,
  "6.0.12": 1,
  "6.0.12.1": 1,
  "6.0.12.10": 1,
  "6.0.12.11": 1,
  "6.0.12.12": 1,
  "6.0.12.2": 1,
  "6.0.12.20240311": 1,
  "6.0.12.3": 4,
  "6.0.12.4": 0,
  "6.0.12.5": 1,
  "6.0.12.6": 1,
  "6.0.12.7": 1,
  "6.0.12.8": 1,
  "6.0.12.9": 1,
  "6.0.2": 1,
  "6.0.3": 1,
  "6.0.4": 1,
  "6.0.5": 1,
  "6.0.6": 1,
  "6.0.7": 1,
  "6.0.8": 1,
  "6.0.9": 1
 },
 "new_version_errors": {}
}