{
 "bad": false,
 "new_version": "1.3.0.20241018",
 "new_version_attempts": {
  "1.1.10.20210822": 3,
  "1.1.7.20200414": 1,
  "1.1.8.20200710": 1,
  "1.1.9.20201226": 2,
  "1.2.1.20220905": 1
 },
 "new_version_errors": {}
}