{
  "bad": false,
  "new_version": "3.1.20260108082145",
  "new_version_attempt_ts": {},
  "new_version_attempts": {
    "3.0.20200530110633": 1,
    "3.0.20200706173533": 4,
    "3.0.20200709181526": 1,
    "3.0.20200710214758": 1,
    "3.0.20200720165847": 1,
    "3.0.20200724003302": 1,
    "3.0.20200807132242": 1,
    "3.0.20201017180608": 1,
    "3.0.20201020111341": 1,
    "3.0.20201026152241": 1,
    "3.0.20201109103151": 1,
    "3.0.20201113183607": 1,
    "3.0.20201116114821": 1,
    "3.0.20201117141248": 1,
    "3.0.20201121085451": 1,
    "3.0.20201203173111": 1,
    "3.0.20210124104916": 1,
    "3.0.20210319143721": 1,
    "3.1.20210426140515": 1,
    "3.1.20210521105815": 1,
    "3.1.20210616134059": 1,
    "3.1.20210628163208": 1,
    "3.1.20210816212154": 1,
    "3.1.20210921111717": 1,
    "3.1.20210922203925": 1,
    "3.1.20211001174446": 1,
    "3.1.20211004060744": 1,
    "3.1.20211014180718": 1,
    "3.1.20211019185001": 1,
    "3.1.20211020155521": 1,
    "3.1.20211103193132": 1,
    "3.1.20211104071347": 1,
    "3.1.20211107152837": 1,
    "3.1.20220117131913": 1,
    "3.1.20220119140128": 1,
    "3.1.20220124184855": 1,
    "3.1.20220202110738": 1,
    "3.1.20220202173120": 1,
    "3.1.20220204090313": 1,
    "3.1.20220210171524": 1,
    "3.1.20220217190813": 1,
    "3.1.20220217222804": 1,
    "3.1.20220221074232": 1,
    "3.1.20220224085855": 1,
    "3.1.20220406080846": 1,
    "3.1.20220502060230": 1,
    "3.1.20220607081835": 1,
    "3.1.20220623174452": 1,
    "3.1.20220628170238": 1,
    "3.1.20220801180230": 1,
    "3.1.20220802125926": 1,
    "3.1.20220830195442": 1,
    "3.1.20220907141119": 1,
    "3.1.20220913185150": 2,
    "3.1.20221008225030": 1,
    "3.1.20221018083734": 1,
    "3.1.20221108205138": 1,
    "3.1.20221109155812": 1,
    "3.1.20221201130942": 1,
    "3.1.20230127121939": 1,
    "3.1.20230201224320": 1,
    "3.1.20230209161050": 1,
    "3.1.20230213100550": 1,
    "3.1.20230302145532": 1,
    "3.1.20230325110543": 1,
    "3.1.20230424211314": 1,
    "3.1.20230425144158": 1,
    "3.1.20230513155734": 1,
    "3.1.20230526180938": 1,
    "3.1.20230527103121": 1,
    "3.1.20230601100705": 1,
    "3.1.20230624081518": 1,
    "3.1.20230719185429": 1,
    "3.1.20230906142556": 1,
    "3.1.20231016170136": 1,
    "3.1.20231020113452": 1,
    "3.1.20231020140205": 1,
    "3.1.20231114134824": 1,
    "3.1.20231206180100": 1,
    "3.1.20231207110929": 1,
    "3.1.20240112164112": 1,
    "3.1.20240404144621": 1,
    "3.1.20240508115724": 1
  },
  "new_version_errors": {}
}