{
 "bad": false,
 "new_version": "3.1.5.20241225",
 "new_version_attempts": {
  "3.0.4.6": 1,
  "3.0.4.7": 1,
  "3.1.0.0": 1,
  "3.1.0.1": 1,
  "3.1.0.10": 1,
  "3.1.0.11": 1,
  "3.1.0.12": 1,
  "3.1.0.13": 1,
  "3.1.0.14": 1,
  "3.1.0.15": 1,
  "3.1.0.16": 1,
  "3.1.0.17": 1,
  "3.1.0.18": 1,
  "3.1.0.19": 1,
  "3.1.0.2": 1,
  "3.1.0.20": 1,
  "3.1.0.20240106": 1,
  "3.1.0.20240205": 1,
  "3.1.0.20240220": 1,
  "3.1.0.20240301": 1,
  "3.1.0.20240308": 1,
  "3.1.0.20240311": 1,
  "3.1.0.20240331": 1,
  "3.1.0.20240402": 1,
  "3.1.0.20240408": 1,
  "3.1.0.20240425": 1,
  "3.1.0.20240428": 1,
  "3.1.0.21": 1,
  "3.1.0.22": 1,
  "3.1.0.23": 1,
  "3.1.0.24": 1,
  "3.1.0.25": 1,
  "3.1.0.26": 1,
  "3.1.0.27": 1,
  "3.1.0.28": 1,
  "3.1.0.29": 1,
  "3.1.0.3": 1,
  "3.1.0.30": 1,
  "3.1.0.31": 1,
  "3.1.0.32": 1,
  "3.1.0.4": 1,
  "3.1.0.5": 1,
  "3.1.0.6": 1,
  "3.1.0.7": 1,
  "3.1.0.8": 1,
  "3.1.0.9": 1
 },
 "new_version_errors": {}
}