{
 "bad": false,
 "new_version": "0.21.0.20241128",
 "new_version_attempts": {
  "0.1.8": 1,
  "0.17.0": 1,
  "0.17.1": 1,
  "0.17.2": 1,
  "0.17.3": 1,
  "0.17.4": 1,
  "0.17.5": 1,
  "0.17.6": 1,
  "0.17.7": 1,
  "0.18.0": 1,
  "0.18.1": 1,
  "0.18.2": 1,
  "0.18.3": 1,
  "0.19.0": 1,
  "0.19.1": 1,
  "0.19.1.1": 1,
  "0.19.1.2": 1,
  "0.19.1.3": 1,
  "0.19.1.4": 1,
  "0.19.1.5": 1,
  "0.19.1.6": 1,
  "0.19.1.7": 1,
  "0.19.1.8": 1,
  "0.19.1.9": 2,
  "0.20.0.0": 1,
  "0.20.0.1": 1,
  "0.20.0.2": 1,
  "0.20.0.20240106": 1,
  "0.20.0.20240125": 1,
  "0.20.0.20240126": 1,
  "0.20.0.20240201": 1,
  "0.20.0.20240227": 1,
  "0.20.0.20240302": 1,
  "0.20.0.20240304": 1,
  "0.20.0.20240308": 1,
  "0.20.0.20240309": 1,
  "0.20.0.20240310": 1,
  "0.20.0.20240311": 1,
  "0.20.0.20240314": 1,
  "0.20.0.20240315": 1,
  "0.20.0.20240316": 1,
  "0.20.0.20240317": 1,
  "0.20.0.20240331": 1,
  "0.20.0.20240406": 1,
  "0.20.0.3": 1,
  "0.21.0.20240423": 1
 },
 "new_version_errors": {}
}