{
 "bad": false,
 "new_version": "2.19.0.20250107",
 "new_version_attempts": {
  "2.16.0.1": 1,
  "2.17.0.0": 1,
  "2.17.0.20240106": 1,
  "2.17.0.20240310": 1,
  "2.18.0.20240506": 0
 },
 "new_version_errors": {}
}