{
 "bad": false,
 "new_version": "7.45.4.20241216",
 "new_version_attempts": {
  "0.1.4": 1,
  "7.44.0": 1,
  "7.44.1": 1,
  "7.44.2": 1,
  "7.44.3": 1,
  "7.44.4": 1,
  "7.44.5": 1,
  "7.44.6": 1,
  "7.44.7": 1,
  "7.44.8": 1,
  "7.44.9": 1,
  "7.45.0": 1,
  "7.45.1": 1,
  "7.45.1.1": 1,
  "7.45.1.2": 1,
  "7.45.1.3": 1,
  "7.45.1.4": 1,
  "7.45.2.0": 1,
  "7.45.2.1": 1,
  "7.45.2.2": 1,
  "7.45.2.20240106": 1,
  "7.45.2.20240311": 1,
  "7.45.2.20240417": 1,
  "7.45.2.3": 1,
  "7.45.2.4": 1,
  "7.45.2.5": 1,
  "7.45.3.20240421": 0
 },
 "new_version_errors": {}
}