{
  "bad": false,
  "new_version": "24.1.0.20240722",
  "new_version_attempt_ts": {},
  "new_version_attempts": {
    "20.0.2": 1,
    "20.0.3": 1,
    "20.0.4": 1,
    "20.0.5": 1,
    "20.0.6": 1,
    "20.0.7": 1,
    "20.0.8": 1,
    "20.0.9": 1,
    "21.0.0": 1,
    "21.0.1": 1,
    "21.0.2": 1,
    "21.0.3": 1,
    "22.0.0": 1,
    "22.0.1": 1,
    "22.0.10": 1,
    "22.0.2": 1,
    "22.0.3": 1,
    "22.0.4": 2,
    "22.0.5": 1,
    "22.0.6": 1,
    "22.0.7": 1,
    "22.0.8": 1,
    "22.0.9": 1,
    "22.1.0.0": 1,
    "22.1.0.1": 1,
    "22.1.0.2": 1,
    "23.0.0.0": 1,
    "23.0.0.1": 1,
    "23.0.0.2": 3,
    "23.0.0.3": 1,
    "23.0.0.4": 1,
    "23.1.0.0": 1,
    "23.1.0.1": 1,
    "23.1.0.2": 1,
    "23.1.0.3": 1,
    "23.2.0.0": 1,
    "23.2.0.1": 1,
    "23.2.0.2": 1,
    "23.3.0.0": 1,
    "23.3.0.20240106": 1,
    "24.0.0.20240130": 1,
    "24.0.0.20240228": 1,
    "24.0.0.20240311": 1,
    "24.0.0.20240417": 1,
    "24.1.0.20240425": 1
  },
  "new_version_errors": {}
}