{
 "bad": false,
 "new_version": "0.1.13.20240311",
 "new_version_attempts": {
  "0.1.10": 1,
  "0.1.11": 1,
  "0.1.12": 1,
  "0.1.13": 1,
  "0.1.13.1": 1,
  "0.1.13.2": 1,
  "0.1.13.20240106": 1,
  "0.1.13.20240311": 0,
  "0.1.13.3": 1,
  "0.1.13.4": 1,
  "0.1.13.5": 1,
  "0.1.13.6": 1,
  "0.1.5": 1,
  "0.1.6": 1,
  "0.1.7": 1,
  "0.1.8": 1,
  "0.1.9": 1
 },
 "new_version_errors": {}
}