{
  "bad": false,
  "new_version": "1.3.0.20260210",
  "new_version_attempt_ts": {},
  "new_version_attempts": {
    "0.1.4": 1,
    "0.1.5": 1,
    "1.0.0": 1,
    "1.0.1": 1,
    "1.0.10": 1,
    "1.0.11": 1,
    "1.0.12": 1,
    "1.0.13": 1,
    "1.0.14": 1,
    "1.0.2": 1,
    "1.0.3": 1,
    "1.0.4": 1,
    "1.0.5": 1,
    "1.0.6": 1,
    "1.0.7": 1,
    "1.0.8": 1,
    "1.0.9": 1,
    "1.1.0": 1,
    "1.1.1": 1,
    "1.1.2": 1,
    "1.1.3": 1,
    "1.1.4": 1,
    "1.1.4.1": 1,
    "1.1.4.10": 1,
    "1.1.4.2": 1,
    "1.1.4.20240106": 1,
    "1.1.4.20240331": 1,
    "1.1.4.3": 1,
    "1.1.4.4": 1,
    "1.1.4.5": 1,
    "1.1.4.6": 1,
    "1.1.4.7": 1,
    "1.1.4.8": 1,
    "1.1.4.9": 1,
    "1.2.0.20240420": 0
  },
  "new_version_errors": {}
}