{
 "bad": false,
 "new_version": "3.0.1.20241117",
 "new_version_attempts": {
  "0.1.8": 1,
  "0.1.9": 1,
  "2.0.0": 1,
  "2.0.1": 1,
  "2.0.2": 1,
  "2.0.3": 1,
  "2.0.4": 1,
  "2.0.5": 1,
  "2.0.6": 1,
  "2.0.7": 1,
  "2.0.8": 1,
  "2.0.9": 1,
  "2.1.0": 1,
  "2.1.1": 1,
  "2.1.2": 1,
  "2.1.3": 1,
  "2.1.4": 1,
  "2.1.4.1": 1,
  "2.1.4.2": 1,
  "2.1.4.20240106": 1,
  "2.1.4.20240421": 1,
  "2.1.4.3": 1,
  "2.1.4.4": 1,
  "2.1.4.5": 1,
  "2.1.4.6": 1,
  "2.1.4.7": 1,
  "2.1.4.8": 1,
  "2.1.4.9": 1,
  "3.0.0.20240423": 1
 },
 "new_version_errors": {}
}