{
 "bad": false,
 "new_version": "2.0.1733540710",
 "new_version_attempts": {
  "1.0.1650254349": 1,
  "1.0.1650280980": 1,
  "1.0.1655855963": 1,
  "1.0.1655946639": 1,
  "1.0.1659142803": 1,
  "1.0.1679209451": 1,
  "1.0.1679375467": 1,
  "1.0.1679485999": 1,
  "2.0.1681021882": 1,
  "2.0.1684285512": 1,
  "2.0.1687912386": 1,
  "2.0.1691149549": 1,
  "2.0.1695093069": 1,
  "2.0.1695177552": 1,
  "2.0.1701229837": 1,
  "2.0.1706067133": 1,
  "2.0.1708730727": 1,
  "2.0.1708907391": 1
 },
 "new_version_errors": {}
}