{
 "bad": false,
 "new_version": "4.67.0.20241221",
 "new_version_attempts": {
  "4.65.0.2": 1,
  "4.66.0.0": 1,
  "4.66.0.1": 1,
  "4.66.0.2": 1,
  "4.66.0.20240106": 1,
  "4.66.0.20240417": 0,
  "4.66.0.3": 1,
  "4.66.0.4": 1,
  "4.66.0.5": 1
 },
 "new_version_errors": {}
}