{
 "bad": false,
 "new_version": "3.7.0.20241204",
 "new_version_attempts": {
  "3.3.0": 1,
  "3.3.1": 1,
  "3.3.10": 1,
  "3.3.11": 1,
  "3.3.12": 1,
  "3.3.13": 1,
  "3.3.14": 1,
  "3.3.15": 1,
  "3.3.16": 1,
  "3.3.17": 1,
  "3.3.19": 1,
  "3.3.2": 2,
  "3.3.20": 1,
  "3.3.21": 1,
  "3.3.22": 1,
  "3.3.23": 1,
  "3.3.24": 1,
  "3.3.25": 1,
  "3.3.26": 1,
  "3.3.27": 1,
  "3.3.28": 1,
  "3.3.29": 1,
  "3.3.3": 1,
  "3.3.30": 1,
  "3.3.31": 1,
  "3.3.4": 1,
  "3.3.5": 1,
  "3.3.6": 1,
  "3.3.7": 1,
  "3.3.8": 1,
  "3.3.9": 1,
  "3.4.0": 1,
  "3.4.1": 1,
  "3.4.2": 1,
  "3.4.2.1": 1,
  "3.4.2.10": 1,
  "3.4.2.2": 1,
  "3.4.2.3": 1,
  "3.4.2.4": 1,
  "3.4.2.5": 1,
  "3.4.2.6": 1,
  "3.4.2.7": 1,
  "3.4.2.8": 2,
  "3.4.2.9": 1,
  "3.5.0.0": 1,
  "3.5.0.1": 1,
  "3.5.0.2": 1,
  "3.5.0.20240106": 1,
  "3.5.0.20240129": 1,
  "3.5.0.20240311": 1,
  "3.5.0.3": 1,
  "3.6.0.20240316": 1
 },
 "new_version_errors": {}
}