{
 "bad": false,
 "new_version": "3.5.0.20240928",
 "new_version_attempts": {
  "0.1.8": 1,
  "0.1.9": 1,
  "2.10.0": 1,
  "2.11.0": 1,
  "2.11.1": 1,
  "2.11.2": 1,
  "2.11.3": 1,
  "2.11.4": 1,
  "2.11.5": 1,
  "2.11.6": 1,
  "2.12.0.0": 2,
  "2.12.0.1": 1,
  "2.12.0.2": 1,
  "2.12.0.3": 1,
  "2.7.0": 1,
  "2.7.1": 1,
  "2.7.2": 1,
  "2.7.3": 1,
  "2.7.4": 1,
  "2.8.0": 1,
  "2.8.1": 1,
  "2.8.10": 1,
  "2.8.11": 1,
  "2.8.12": 1,
  "2.8.13": 1,
  "2.8.15": 1,
  "2.8.16": 1,
  "2.8.17": 1,
  "2.8.18": 1,
  "2.8.19": 1,
  "2.8.2": 1,
  "2.8.20": 1,
  "2.8.21": 1,
  "2.8.3": 1,
  "2.8.4": 1,
  "2.8.5": 1,
  "2.8.6": 1,
  "2.8.7": 1,
  "2.8.8": 1,
  "2.8.9": 1,
  "3.0.0.0": 1,
  "3.0.0.1": 1,
  "3.0.0.10": 1,
  "3.0.0.2": 1,
  "3.0.0.3": 1,
  "3.0.0.4": 1,
  "3.0.0.5": 1,
  "3.0.0.6": 1,
  "3.0.0.7": 1,
  "3.0.0.8": 1,
  "3.0.0.9": 1,
  "3.2.0.0": 1,
  "3.2.0.1": 1,
  "3.3.0.0": 1,
  "3.3.0.1": 1,
  "3.3.0.2": 1,
  "3.4.0.20240103": 1,
  "3.4.0.20240106": 1,
  "3.4.0.20240120": 1,
  "3.4.0.20240205": 1,
  "3.4.0.20240311": 1,
  "3.4.0.20240423": 2
 },
 "new_version_errors": {}
}