{
 "bad": false,
 "new_version": "3.1.1663587362",
 "new_version_attempts": {
  "3.1.1663062229": 1,
  "3.1.1663481360": 1,
  "3.1.1663485973": 1,
  "3.1.1663497159": 1,
  "3.1.1663587362": 0
 },
 "new_version_errors": {}
}