{
  "bad": false,
  "new_version": "2.9.0.20260124",
  "new_version_attempt_ts": {},
  "new_version_attempts": {
    "0.1.5": 1,
    "0.1.6": 1,
    "2.8.0": 1,
    "2.8.1": 1,
    "2.8.10": 1,
    "2.8.11": 1,
    "2.8.12": 1,
    "2.8.13": 1,
    "2.8.14": 1,
    "2.8.15": 1,
    "2.8.16": 1,
    "2.8.17": 1,
    "2.8.18": 1,
    "2.8.19": 1,
    "2.8.19.1": 1,
    "2.8.19.10": 1,
    "2.8.19.11": 1,
    "2.8.19.12": 1,
    "2.8.19.13": 1,
    "2.8.19.14": 1,
    "2.8.19.2": 1,
    "2.8.19.20240106": 1,
    "2.8.19.20240311": 1,
    "2.8.19.3": 1,
    "2.8.19.4": 1,
    "2.8.19.5": 1,
    "2.8.19.6": 4,
    "2.8.19.7": 1,
    "2.8.19.8": 1,
    "2.8.19.9": 1,
    "2.8.2": 1,
    "2.8.3": 1,
    "2.8.4": 1,
    "2.8.5": 1,
    "2.8.6": 1,
    "2.8.7": 1,
    "2.8.8": 1,
    "2.8.9": 1,
    "2.9.0.20240315": 1,
    "2.9.0.20240316": 1
  },
  "new_version_errors": {}
}