{
 "bad": false,
 "new_version": "1.20241007",
 "new_version_attempts": {
  "0.11xx": 1,
  "0.2020.0701": 1,
  "0.2020.0805": 1,
  "0.2021.0811": 1,
  "0.2021.0813": 1,
  "0.2022.0421": 1,
  "1.20221012": 1,
  "1.20221116": 1,
  "1.20230417": 1,
  "1.20230419": 1,
  "1.20230420": 1,
  "1.20231108": 1,
  "1.20240322": 1,
  "1.20240328": 1,
  "1.20240418": 1
 },
 "new_version_errors": {}
}