{
 "bad": false,
 "new_version": "4.40.21126",
 "new_version_attempts": {
  "3.101.20292": 1,
  "3.125.20293": 1,
  "3.145.20326": 1,
  "3.146.20326": 1,
  "3.151.20327": 1,
  "4.1.20329": 1,
  "4.10.21011": 4,
  "4.11.21016": 1,
  "4.14.21026": 1,
  "4.15.21026": 1,
  "4.17.21027": 1,
  "4.18.21031": 1,
  "4.21.21059": 1,
  "4.40.21126": 0,
  "4.5.20343": 1,
  "4.7.21002": 1,
  "4.9.21002": 1
 },
 "new_version_errors": {}
}