{
 "bad": false,
 "new_version": "0.5.10.20241112",
 "new_version_attempts": {
  "0.1.6": 1,
  "0.1.7": 1,
  "0.5.0": 1,
  "0.5.1": 1,
  "0.5.10": 1,
  "0.5.10.1": 1,
  "0.5.10.10": 1,
  "0.5.10.2": 1,
  "0.5.10.20240106": 1,
  "0.5.10.20240425": 1,
  "0.5.10.3": 1,
  "0.5.10.4": 5,
  "0.5.10.5": 1,
  "0.5.10.6": 1,
  "0.5.10.7": 1,
  "0.5.10.8": 1,
  "0.5.10.9": 1,
  "0.5.2": 1,
  "0.5.3": 1,
  "0.5.4": 1,
  "0.5.5": 1,
  "0.5.6": 1,
  "0.5.7": 1,
  "0.5.8": 1,
  "0.5.9": 1
 },
 "new_version_errors": {}
}