{
  "bad": false,
  "new_version": "1.1.0.20251220",
  "new_version_attempt_ts": {},
  "new_version_attempts": {
    "1.0.0": 1,
    "1.0.1": 1,
    "1.0.10": 1,
    "1.0.11": 1,
    "1.0.12": 1,
    "1.0.13": 1,
    "1.0.14": 1,
    "1.0.15": 1,
    "1.0.16": 1,
    "1.0.17": 1,
    "1.0.18": 1,
    "1.0.19": 1,
    "1.0.19.1": 1,
    "1.0.19.2": 4,
    "1.0.19.3": 1,
    "1.0.19.4": 1,
    "1.0.19.5": 1,
    "1.0.19.6": 1,
    "1.0.19.7": 1,
    "1.0.2": 2,
    "1.0.3": 1,
    "1.0.4": 1,
    "1.0.5": 1,
    "1.0.6": 2,
    "1.0.7": 1,
    "1.0.8": 1,
    "1.0.9": 1,
    "1.1.0.0": 1,
    "1.1.0.1": 1,
    "1.1.0.20240425": 1
  },
  "new_version_errors": {}
}