{
  "bad": false,
  "new_version": "1.0.260126.7",
  "new_version_attempt_ts": {},
  "new_version_attempts": {
    "1.0.230824.2": 1,
    "1.0.231028.1": 1,
    "1.0.231216.1": 1,
    "1.0.240122.1": 1
  },
  "new_version_errors": {}
}