{
 "bad": false,
 "new_version": "4.12.0.20241020",
 "new_version_attempts": {
  "4.12.0.20240106": 1,
  "4.12.0.20240229": 1,
  "4.12.0.20240504": 1,
  "4.12.0.20240511": 1,
  "4.12.0.7": 1
 },
 "new_version_errors": {}
}