{
 "bad": false,
 "new_version": "6.2.0.20241123",
 "new_version_attempts": {
  "3.3.4": 1,
  "3.3.5": 1,
  "4.0.0": 1,
  "4.1.0": 1,
  "4.1.1": 1,
  "4.1.2": 1,
  "4.1.3": 1,
  "4.1.4": 1,
  "4.1.5": 1,
  "5.0.0": 1,
  "5.0.1": 1,
  "5.0.2": 1,
  "5.0.3": 1,
  "5.0.3.1": 1,
  "6.0.0.0": 1,
  "6.0.0.1": 1,
  "6.0.0.2": 1,
  "6.0.0.3": 1,
  "6.0.0.4": 1,
  "6.0.0.5": 1,
  "6.1.0.0": 1,
  "6.1.0.1": 1,
  "6.1.0.20240222": 1,
  "6.1.0.20240311": 1,
  "6.1.0.20240331": 0
 },
 "new_version_errors": {}
}