{
 "bad": false,
 "new_version": "5.10.0.20240515",
 "new_version_attempts": {
  "4.2.0": 1,
  "4.2.1": 1,
  "5.10.0.20240515": 0,
  "5.2.0": 1,
  "5.3.0": 1,
  "5.3.1": 1,
  "5.4.0": 1,
  "5.5.0": 1,
  "5.6.0.0": 1,
  "5.7.0.0": 1,
  "5.7.0.1": 1,
  "5.7.0.2": 1,
  "5.7.0.3": 1,
  "5.7.0.4": 1,
  "5.7.0.5": 1,
  "5.8.0.0": 1,
  "5.8.0.1": 1,
  "5.9.0.0": 1
 },
 "new_version_errors": {}
}