{
 "bad": false,
 "new_version": "8.8.20241206093842",
 "new_version_attempts": {
  "5.0.20200416112825": 1,
  "6.0.20200523200656": 1,
  "6.0.20200601095207": 1,
  "7.0.20200612160654": 1,
  "7.0.20200811075006": 1,
  "7.0.20201119201711": 1,
  "7.0.20210124093443": 1,
  "7.1.20210309094900": 1,
  "7.1.20210316164414": 2,
  "7.1.20210518142926": 1,
  "7.1.20210611090601": 1,
  "8.0.20210624101613": 1,
  "8.0.20210624154013": 1,
  "8.1.20210627200047": 1,
  "8.1.20210716111910": 1,
  "8.1.20210721123742": 1,
  "8.2.20210902094147": 1,
  "8.2.20210914115719": 1,
  "8.2.20210918131710": 1,
  "8.2.20211014150008": 1,
  "8.2.20211015115235": 1,
  "8.2.20211020114435": 1,
  "8.2.20211029004247": 1,
  "8.2.20211103155537": 1,
  "8.2.20211104054942": 1,
  "8.2.20211116214159": 1,
  "8.2.20211222191353": 1,
  "8.2.20220103095339": 1,
  "8.2.20220204150214": 1,
  "8.3.20220518163624": 2,
  "8.3.20220525163636": 1,
  "8.3.20220626094427": 1,
  "8.3.20220626185350": 1,
  "8.3.20220717021618": 1,
  "8.3.20220717184004": 1,
  "8.3.20220721194857": 1,
  "8.3.20220801194920": 1,
  "8.3.20220825133457": 1,
  "8.3.20220831150015": 1,
  "8.3.20220909144501": 1,
  "8.3.20220913105718": 1,
  "8.3.20220916115321": 1,
  "8.3.20221016151607": 1,
  "8.3.20221028160159": 1,
  "8.3.20221115203138": 1,
  "8.3.20221209165047": 1,
  "8.3.20230109181936": 1,
  "8.4.20230127112827": 1,
  "8.4.20230128170514": 1,
  "8.4.20230201194352": 1,
  "8.4.20230213094415": 1,
  "8.4.20230426093816": 1,
  "8.4.20230511084951": 1,
  "8.4.20230601112322": 1,
  "8.4.20230606143604": 1,
  "8.4.20230808163024": 1,
  "8.4.20230927144413": 1,
  "8.4.20231024070348": 1,
  "8.4.20231113094720": 1,
  "8.4.20231117150958": 1,
  "8.5.20231201181309": 1,
  "8.5.20240102191335": 1,
  "8.5.20240311110950": 1,
  "8.5.20240410123758": 1
 },
 "new_version_errors": {}
}