{
 "bad": false,
 "new_version": "1.0.17537.15",
 "new_version_attempts": {
  "1.0.10183": 1,
  "1.0.10200": 1,
  "1.0.10395": 1,
  "1.0.10409": 1,
  "1.0.11104": 1,
  "1.0.11222": 1,
  "1.0.11279": 1,
  "1.0.12198.1": 1,
  "1.0.12260.1": 0,
  "1.0.12392.1": 1,
  "1.0.13822.1": 1,
  "1.0.13860.4": 1,
  "1.0.3698": 1,
  "1.0.3771": 1,
  "1.0.3826": 1,
  "1.0.3864": 1,
  "1.0.3899": 1,
  "1.0.3951": 1,
  "1.0.3977": 1,
  "1.0.4053": 1,
  "1.0.4062": 1,
  "1.0.4111": 1,
  "1.0.4154": 1,
  "1.0.4155": 1,
  "1.0.4241": 1,
  "1.0.4312": 1,
  "1.0.4361": 1,
  "1.0.4427": 1,
  "1.0.4479": 1,
  "1.0.4521": 1,
  "1.0.6712": 1,
  "1.0.6812": 1,
  "1.0.6909": 1,
  "1.0.7041": 1,
  "1.0.7152": 1,
  "1.0.7181": 1,
  "1.0.7423": 1,
  "1.0.7683": 1
 },
 "new_version_errors": {}
}