{
 "bad": false,
 "new_version": "3.19.0.20241221",
 "new_version_attempts": {
  "0.1.5": 1,
  "3.17.0": 1,
  "3.17.1": 1,
  "3.17.2": 1,
  "3.17.3": 1,
  "3.17.4": 1,
  "3.17.5": 1,
  "3.17.6": 1,
  "3.17.7": 1,
  "3.17.7.1": 1,
  "3.17.7.2": 1,
  "3.18.0.0": 1,
  "3.18.0.1": 1,
  "3.18.0.2": 1,
  "3.18.0.3": 1,
  "3.19.0.0": 1,
  "3.19.0.1": 1,
  "3.19.0.2": 1,
  "3.19.0.20240218": 1,
  "3.19.0.20240310": 1
 },
 "new_version_errors": {}
}